index,Address,discription,label
0,0x00192fb10df37c9fb26829eb2cc623cd1bf599e8,mining,0
1,0x002e08000acbbae2155fab7ac01929564949070d,mining,0
2,0x004e6f03648b0b0f529511697b0f36a463a24836,ico,0
3,0x00674045bb7c17f0aa1cde34780d6c51af548728,ico,0
4,0x0068eb681ec52dbd9944517d785727310b494575,exchange,0
5,0x00832a758a781055ac19b5f9bf553db8bb9db32d,ico,0
6,0x00c7122633a4ef0bc72f7d02456ee2b11e97561e,ico,0
7,0x00eb6f5199cd0b671da371969b1a0f948e982fea,phish-hack,1
8,0x01091506ce9f1977a660c5ad4915cbd89e4e1a49,ico,0
9,0x018f2f4b3c9e38607aa7ab4dea23e9d663e3e050,phish-hack,1
10,0x0211f3cedbef3143223d3acf0e589747933e8527,exchange,0
11,0x024c344da7208e60356378a252dab771c34be111,phish-hack,1
12,0x02dc3b8ab87c562cdce707647bd1ba21c390faf4,ico,0
13,0x02f8fa04877be844e073eb8effeb48c420b33abe,converter,0
14,0x0324a5f6289e647baf88d9c96c331cf964220ce8,phish-hack,1
15,0x035a401972f228b58dcae76bf318b54ed036d680,ico,0
16,0x03b70dc31abf9cf6c1cf80bfeeb322e8d3dbb4ca,phish-hack,1
17,0x03bdf69b1322d623836afbd27679a1c0afa067e9,exchange,0
18,0x03e4b00b607d0980668ca6e50201576b00000000,ico,0
19,0x043375ebc36fff7a4fcef1359f3c89afddf56e08,phish-hack,1
20,0x04668ec2f57cc15c381b461b9fedab5d451c8f7f,mining,0
21,0x04a3d37cae5fe8acfcaf6d5eb66369d639ff027e,phish-hack,1
22,0x04c62019ab478bff5874e7b7d9bc84fcf7e30025,ico,0
23,0x0536806df512d6cdde913cf95c9886f65b1d3462,exchange,0
24,0x05f51aab068caa6ab7eeb672f88c180f67f17ec7,exchange,0
25,0x0681d8db095565fe8a346fa0277bffde9c0edbbf,exchange,0
26,0x06b8c5883ec71bc3f4b332081519f23834c8706e,mining,0
27,0x079cf5c7b29067708bf653fbb93d7f619d9287a9,converter,0
28,0x07cfb04588154b06e3958b5d70408244102014d5,phish-hack,1
29,0x081edbef6106ab1253557451b261c1c99bade726,ico,0
30,0x0861fca546225fbf8806986d211c8398f7457734,exchange,0
31,0x08986f5cecd3cb8882e4a34a16961e3124377291,phish-hack,1
32,0x08bba7fb279915d7bfd08670571cc978e88a03f6,converter,0
33,0x0967c50bfec4dba06e28e8fdbcfd15a23474fab4,phish-hack,1
34,0x09ab1303d3ccaf5f018cd511146b07a240c70294,mining,0
35,0x09ce1ba1bd31b1395c3e7560afd393b0e014e344,converter,0
36,0x0a73573cf2903d2d8305b1ecb9e9730186a312ae,exchange,0
37,0x0a869d79a7052c7f1b55a8ebabbea3420f0d1e13,exchange,0
38,0x0a888f0f0b772e17a2adfd62d3f15cec72c8d42f,phish-hack,1
39,0x0b1bb711524f9d43515b5424c029f2e3beed1ffc,converter,0
40,0x0bb9fc3ba7bcf6e5d6f6fc15123ff8d5f96cee00,ico,0
41,0x0c4762bc7b1af1dc9448a827f53861c118b712de,phish-hack,1
42,0x0c4b367e876d18d5c102023d9240dd7e9c11b380,ico,0
43,0x0c8b740e3377f2be7a108aeba6a2f660588c728d,phish-hack,1
44,0x0c9d1b3ca852c67bbeabeeb51e9482a845d56868,phish-hack,1
45,0x0cfbed1bd80bd8a740f24ec5fca8e8d1a9f87052,converter,0
46,0x0d0707963952f2fba59dd06f2b425ace40b492fe,exchange,0
47,0x0d1fa37b1dfd006e8f6fab6fa0d2351856030ef5,converter,0
48,0x0d6b5a54f940bf3d52e438cab785981aaefdf40c,exchange,0
49,0x0d8746c7bfac7494904d4133c550c72b02c7cdbb,converter,0
50,0x0f1c029c5d7f626f6820bfe0f6a7b2ac48746ddf,converter,0
51,0x0f4cf489c65f5001843c525e1f374768dcad9b99,phish-hack,1
52,0x0f564a2a5fde73349890e86e9b2aa1639994bf2f,ico,0
53,0x0fec04a7526f601a1019edcd5d5b003101c46a0c,converter,0
54,0x1056d8d9ebb0e0d8710a0e2a1852d4a09d56464a,phish-hack,1
55,0x1062a747393198f70f71ec65a582423dba7e5ab3,exchange,0
56,0x10987d8361338eae4472f107cf069558c54516ae,ico,0
57,0x10c44ab858b90e09c725158906f71833ff417acc,phish-hack,1
58,0x1119aaefb02bf12b84d28a5d8ea48ec3c90ef1db,exchange,0
59,0x1151314c646ce4e0efd76d1af4760ae66a9fe30f,exchange,0
60,0x11614c5f1eb215ecffe657da56d3dd12df395dc8,converter,0
61,0x118db57c34621acd0a91f02c8c18cd1a3ad7c213,phish-hack,1
62,0x11e63fa9256c37d100b6786569663b116480f92a,ico,0
63,0x120a270bbc009644e35f0bb6ab13f95b8199c4ad,exchange,0
64,0x122c7f492c51c247e293b0f996fa63de61474959,phish-hack,1
65,0x126d407584cf73ba5d15102bab0e578a64cca3f1,ico,0
66,0x13f64609bf1ef46f6515f8cd3115433a93a00dc6,exchange,0
67,0x146f2fba9eba1b72d5162a56e3e5da6c0f4808cc,ico,0
68,0x14b30f257c2737370203a15aa343c2b600dfb675,mining,0
69,0x151255dd9e38e44db38ea06ec66d0d113d6cbe37,mining,0
70,0x1522900b6dafac587d499a862861c0869be6e428,exchange,0
71,0x154af3e01ec56bc55fd585622e33e3dfb8a248d8,ico,0
72,0x15a99893dc47bfae5b06e9b4c8941aaca60f8af5,phish-hack,1
73,0x15c19e6c203e2c34d1edfb26626bfc4f65ef96f0,ico,0
74,0x1691b2f9986598e12c57aba5be50ebd5346247e0,phish-hack,1
75,0x1706024467ef8c9c4648da6fc35f2c995ac79cf6,ico,0
76,0x175af261088b31e58ba384b3758f14bcf6c1f4e1,ico,0
77,0x179b553f677766183e7cd2ae8c148ace69db7cdd,phish-hack,1
78,0x181c71726f12ce2514e8b93019eb22645a79f966,phish-hack,1
79,0x185f19b43d818e10a31be68f445ef8edcb8afb83,ico,0
80,0x193bff7a19082cd7e056ea3e22ee0e747b5b6f80,gambling,0
81,0x199eee5b6ca1aaf030c77f0b5c50e39908fd2072,phish-hack,1
82,0x19bfd8a539ca899983b30e1d1c3370ac03d6b7ab,phish-hack,1
83,0x19c1f4d2cf1606d1ba3030aef48b96e56bc92a6a,ico,0
84,0x1a8cc57f1155d7df4626978401e203e00da097f7,ico,0
85,0x1afa01d567434482dcb3ea955b39778589176247,phish-hack,1
86,0x1b6c1a0e20af81b922cb454c3e52408496ee7201,exchange,0
87,0x1b8ee5cb5520ea3d12f64a8973c2a4f0cbcb1564,phish-hack,1
88,0x1b93129f05cc2e840135aab154223c75097b69bf,exchange,0
89,0x1c4b70a3968436b9a0a9cf5205c787eb81bb558c,exchange,0
90,0x1c82ee5b828455f870eb2998f2c9b6cc2d52a5f6,ico,0
91,0x1d1bd550197c7c0787b9ad0aea9c1cca66ee0e90,exchange,0
92,0x1dcb8d1f0fcc8cbc8c2d76528e877f915e299fbe,mining,0
93,0x1e0a8374a6c63acaaf4c020cce65c30e855b2b71,phish-hack,1
94,0x1f3df0b8390bb8e9e322972c5e75583e87608ec2,ico,0
95,0x1fd6267f0d86f62d88172b998390afee2a1f54b6,exchange,0
96,0x2097175d0abb8258f2468e3487f8db776e29d076,ico,0
97,0x209c4784ab1e8183cf58ca33cb740efbf3fc18ef,exchange,0
98,0x20d23c7a4b2ea38f9dc885bd25b1bc8c2601d44d,converter,0
99,0x21346283a31a5ad10fa64377e77a8900ac12d469,ico,0
100,0x2140efd7ba31169c69dfff6cdc66c542f0211825,exchange,0
101,0x2149cbdd59b50bef9a264914b441f917dc9c7d55,ico,0
102,0x2239df7104fd3f4a5e464e108506e76c47858a20,gambling,0
103,0x2276f412d2ae5dc2cdc293b0df70a8273f6f6771,phish-hack,1
104,0x22c6731a21ad946bcd934f62f04b2d06ebfbedc9,ico,0
105,0x2323763d78bf7104b54a462a79c2ce858d118f2f,ico,0
106,0x23397c5d9c6363d67b3a294b677f80f93949bf56,phish-hack,1
107,0x236f9f97e0e62388479bf9e5ba4889e46b0273c3,exchange,0
108,0x23b61de5076526b3a1026491157c6df731ae8b61,ico,0
109,0x243bec9256c9a3469da22103891465b47583d9f1,exchange,0
110,0x249bdb4499bd7c683664c149276c1d86108e2137,mining,0
111,0x24c3235558572cff8054b5a419251d3b0d43e91b,ico,0
112,0x25d4aef414ea092fbcbd83fd30e89e15cf820d0a,converter,0
113,0x267be1c1d684f78cb4f6a176c4911b741e4ffdc0,exchange,0
114,0x26967201d4d1e1aa97554838defa4fc4d010ff6f,ico,0
115,0x26d08b9d227933a85e855656dc46ab889e183c88,ico,0
116,0x26e75307fc0c021472feb8f727839531f112f317,ico,0
117,0x274df34325ca19627e5e587c48b7e77dfc4b9cc6,ico,0
118,0x274f3c32c90517975e29dfc209a23f315c1e5fc7,exchange,0
119,0x2769eb86e3acdda921c4f36cfe6cad035d95d31b,converter,0
120,0x28184d2f5e2a47fcd5e528230d18cc3eb2cd0a6d,phish-hack,1
121,0x2819c144d5946404c0516b6f817a960db37d4929,exchange,0
122,0x28ebe764b8f9a853509840645216d3c2c0fd774b,exchange,0
123,0x2910543af39aba0cd09dbb2d50200b3e800a63d2,exchange,0
124,0x29488e24cfdaa52a0b837217926c0c0853db7962,gambling,0
125,0x2984581ece53a4390d1f568673cf693139c97049,exchange,0
126,0x29c3adf6f50e2186c21f5ebb1ac073115831286e,phish-hack,1
127,0x29d7d1dd5b6f9c864d9db560d72a247c178ae86b,phish-hack,1
128,0x2a048d9a8ffdd239f063b09854976c3049ae659c,exchange,0
129,0x2a65aca4d5fc5b5c859090a6c34d164135398226,mining,0
130,0x2a98776c7e13ed1c240858bd241dcf95fc1928b4,mining,0
131,0x2ac0e433c3c9ad816db79852d6f933b0b117aefe,converter,0
132,0x2af0b9190aa127c1989886670481381b5b549985,phish-hack,1
133,0x2b3b67c6dffc2bcdda2315491eac9bbe868fbcdd,ico,0
134,0x2b5634c42055806a59e9107ed44d43c426e58258,exchange,0
135,0x2b9eab2098e4a363a114aa6934f5c3cdea8149a3,converter,0
136,0x2bb97b6cf6ffe53576032c11711d59bd056830ee,exchange,0
137,0x2bbe1297d729bc7f7558afb43404f0f0a544d206,phish-hack,1
138,0x2c2d1113dd9f40fad1b04cf23af9da84c37efcf3,converter,0
139,0x2cc762c27a50d18e50efcd3bee9e3154e3bb094d,phish-hack,1
140,0x2ce573c05c9b8f6ef1a476cc40250972f1f3d63c,converter,0
141,0x2d301d74a8d303da6408cc2dfda319bbeb48c125,phish-hack,1
142,0x2dad2c84f6c3957ef4b83a5df6f1339dfd9e6080,converter,0
143,0x2dc5616ec2b9d24906f0e11dc8d8a736392dfedd,phish-hack,1
144,0x2e9494387868eb9ec6997b711d655de82f53713f,gambling,0
145,0x2eb045d518290aca828046641d29f605ead1a283,phish-hack,1
146,0x2ef2782905830533d218b7ff4d15b8c0981ce84b,ico,0
147,0x2f1233ec3a4930fd95874291db7da9e90dfb2f03,exchange,0
148,0x2fa2bc2ce6a4f92952921a4caa46b3727d24a1ec,exchange,0
149,0x2faa316fc4624ec39adc2ef7b5301124cfb68777,gambling,0
150,0x3013d62a7357021259c3ee463ec9fbc64de7ba76,ico,0
151,0x3052cd6bf951449a984fe4b5a38b46aef9455c8e,exchange,0
152,0x3061cfbae69bff0f933353cea20de6c89ab16acc,ico,0
153,0x30b71d015f60e2f959743038ce0aaec9b4c1ea44,exchange,0
154,0x311e8fbacc2ec05793e14319ef0006f7a7516cba,phish-hack,1
155,0x31a2feb9b5d3b5f4e76c71d6c92fc46ebb3cb1c1,exchange,0
156,0x32131848edc60e032abf0369241d34ec969ebf90,converter,0
157,0x32be343b94f860124dc4fee278fdcbd38c102d88,exchange,0
158,0x33683b94334eebc9bd3ea85ddbda4a86fb461405,exchange,0
159,0x346b909240978658ec69c3f6e0d7cbef50bc3c79,phish-hack,1
160,0x34743ffa1f93e745668725e44efeb3c50a237796,phish-hack,1
161,0x34967c335d86efc3043fb75f807a0780ffb6905a,ico,0
162,0x34bb6cf517abb83bfd8bc4e41ed899810ac49b58,phish-hack,1
163,0x34e4e501dfa903c7c1c7b7f82a56b870838b5274,converter,0
164,0x354d4f3eb48be676a030f98e2a6c5bc06b96e249,phish-hack,1
165,0x35919ff0a88a0bdfd1b0ef3be574bcf6c1e90e01,phish-hack,1
166,0x35f61dfb08ada13eba64bf156b80df3d5b3a738d,mining,0
167,0x3613ef1125a078ef96ffc898c4ec28d73c5b8c52,exchange,0
168,0x3614e0bba4679c95daa45201821cd212f9164205,phish-hack,1
169,0x368be389ce940bf17c3296344086e368bc4c60f3,phish-hack,1
170,0x36b01066b7fa4a0fdb2968ea0256c848e9135674,exchange,0
171,0x36be38dab57631aae070b8977daa35d6de1ab8a0,ico,0
172,0x36e6dadc5a045a86dbc9ecfeda5c459784d3537f,ico,0
173,0x376c3e5547c68bc26240d8dcc6729fff665a4448,ico,0
174,0x379ce20c018fb6301c1872c429ec7270ffa4dc5b,phish-hack,1
175,0x37c88474b5d6c593bbd2e4ce16635c08f8215b1e,converter,0
176,0x3839416bd0095d97be9b354cbfb0f6807d4d609e,converter,0
177,0x38a3fc625df834dd34e8ede60e10cd3024a6650e,converter,0
178,0x38b9dafe93f0b3ab7d35ac42165b73c0f3c5fd8c,phish-hack,1
179,0x390de26d772d2e2005c6d1d24afc902bae37a4bb,exchange,0
180,0x39a23012c065e0a93a6e268717c8b0f25f0430e9,converter,0
181,0x39ffccecc551f35f8dfcb52c8c01060919aed1ea,gambling,0
182,0x3a878eddb991ebcbc7c8052055b2e5ed5d0d1ba4,phish-hack,1
183,0x3b0116363e435d9e4ef24eca6282a21b7cc662df,converter,0
184,0x3b0bc51ab9de1e5b7b6e34e5b960285805c41736,exchange,0
185,0x3b42239a8bc2f07bb16b17578fe44ff2422c16f6,converter,0
186,0x3bfc20f0b9afcace800d73d2191166ff16540258,ico,0
187,0x3cf5b9484ab874af65ebf7713337a03814538b0d,phish-hack,1
188,0x3dbb3e8a5b1e9df522a441ffb8464f57798714b1,ico,0
189,0x3e5dcce17765928400ee4a4b8905e1dd9f42a00f,ico,0
190,0x3eadb407f81d62d27f63a8881805b1735f70e692,phish-hack,1
191,0x3eb01b3391ea15ce752d01cf3d3f09dec596f650,ico,0
192,0x3f2cf669c657316985b01b1b797cb259c97d6551,phish-hack,1
193,0x3f5ce5fbfe3e9af3971dd833d26ba9b5c936f0be,exchange,0
194,0x3f7ba8b8f663fddb47568cca30eac7aed3d2f1a3,converter,0
195,0x3fbe1f8fc5ddb27d428aa60f661eaaab0d2000ce,exchange,0
196,0x3fdd0bb90f7bb6fcf58b35865d4744df8ef30404,phish-hack,1
197,0x4073aa0f9885bbe59895a27158bbe865052678b8,phish-hack,1
198,0x41467711f2d1f6021119ffb113ae0e78251b45fa,phish-hack,1
199,0x4182d887fb4fba8cd49e9f50908c13c761080ec5,phish-hack,1
200,0x420feb48dbb9fd6bd2b93da8770d8d3eb3e8cc6f,phish-hack,1
201,0x433022c4066558e7a32d850f02d2da5ca782174d,mining,0
202,0x438e4bf92d25bced517ec3aa211a8e453e3ad80a,phish-hack,1
203,0x445556b7215349b205997aaaf6c6dfa258eb029d,converter,0
204,0x44fcfabfbe32024a01b778c025d70498382cced0,ico,0
205,0x44fd3ab8381cc3d14afa7c4af7fd13cdc65026e1,mining,0
206,0x45f7582fd6445918912977b9460475b5524cf962,phish-hack,1
207,0x45fde77ff768aa83df468fb1c6ebc5f2bb21dcea,ico,0
208,0x464b0b37db1ee1b5fbe27300acfbf172fd5e4f53,mining,0
209,0x46705dfff24256421a05d056c29e81bdc09723b8,exchange,0
210,0x46791beea3b9138f03d312801887d907830dce51,phish-hack,1
211,0x46ffcdc6d8e6ed69f124d944bbfe0ac74f8fcf7f,converter,0
212,0x47c439c8784b44366735fc2cfe08228cb91d5b8e,mining,0
213,0x47c8f28e6056374aba3df0854306c2556b104601,ico,0
214,0x4810b1571775dd861c61d87fbea1008e030a8ddf,phish-hack,1
215,0x48d466b7c0d32b61e8a82cd2bcf060f7c3f966df,exchange,0
216,0x4910e010ebf5b3366d1e80a134c1fa538ff7994c,phish-hack,1
217,0x497e4c58a4106fee817e3bece3c5c029e964eb49,phish-hack,1
218,0x49db6ee4507132d1fdac92318e0e6150bf786728,ico,0
219,0x4a8d9b64ee9c7e058fe9c8cbf96375b02da006e2,phish-hack,1
220,0x4b01721f0244e7c5b5f63c20942850e447f5a5ee,exchange,0
221,0x4b1a99467a284cc690e3237bc69105956816f762,exchange,0
222,0x4b60b53a6edcd75f0730ecc22579df2079f210b0,ico,0
223,0x4b729cf402cfcffd057e254924b32241aedc1795,exchange,0
224,0x4bb96091ee9d802ed039c4d1a5f6216f90f81b01,mining,0
225,0x4bc2055440dd519fa4d448d2d6899e6604aaedc5,phish-hack,1
226,0x4c549990a7ef3fea8784406c1eecc98bf4211fa5,mining,0
227,0x4cead27a6a2aaedaa44d35d8bf2a2c9370abbe6a,phish-hack,1
228,0x4d0e06c099dcb0ee61d0f937844376b9ab1edcc7,converter,0
229,0x4d8f7cfae437d2c3aa63827be98a3dbd1bd9edf5,phish-hack,1
230,0x4df5f3610e2471095a130d7d934d551f3dde01ed,exchange,0
231,0x4e4e23ac3c11789e23169025503ea4373b01417b,mining,0
232,0x4e5b2e1dc63f6b91cb6cd759936495434c7e972f,exchange,0
233,0x4e8ecf79ade5e2c49b9e30d795517a81e0bf00b8,gambling,0
234,0x4e9ce36e442e55ecd9025b9a6e0d88485d628a67,exchange,0
235,0x4f138e1ceec7b33dfa4f3051594ec016a08c7513,converter,0
236,0x4f88dfc8e1d7ba696db158656457797cfbdfb844,converter,0
237,0x4f8af8e8734d02a21d73e2a4fb29941f35cbbeac,ico,0
238,0x4fac33dabfd83d160717dfee4175d9caaa249ca5,gambling,0
239,0x4fbc4c6c416a84e04b2239202396f378d7af51ee,phish-hack,1
240,0x4fdd5eb2fb260149a3903859043e962ab89d8ed4,exchange,0
241,0x5039d9b575bd5722d310af6d2fc11e053c6d03da,converter,0
242,0x5093c4029acab3aff80140023099f5ec6ca7d52f,phish-hack,1
243,0x5142127a6703f5fc80bf11b7b57ff68998f218e4,converter,0
244,0x51836a753e344257b361519e948ffcaf5fb8d521,exchange,0
245,0x51907923c3280c24b6b69b0d217ea34cabde684d,converter,0
246,0x521db06bf657ed1d6c98553a70319a8ddbac75a3,exchange,0
247,0x52bc44d5378309ee2abf1539bf71de1b7d7be3b5,mining,0
248,0x52beed3924b0824411d03ea2fe51e429717dcf10,phish-hack,1
249,0x52bef206e8e0403cd60d37e48f4f3860d9545556,phish-hack,1
250,0x52f13e25754d822a3550d0b68fdefe9304d27ae8,mining,0
251,0x535237df0f05adf29fa878ebd0a60222d0625bb7,phish-hack,1
252,0x537397e3a68584e05e332d2ba75340e37012f50a,ico,0
253,0x548ac87629ceb858aa09b419f5b9898ec5735fba,phish-hack,1
254,0x54b17df0bb6141c5589ef0d11c3fd7dfa166f627,gambling,0
255,0x54b623c82365ef20680b17301bd949bcd5599eb9,phish-hack,1
256,0x5574754c7cb6618d0079065bfabdc46f31bc7a32,ico,0
257,0x5580fb6e95230bf16ae7e2c6467d11566ed5b3ea,phish-hack,1
258,0x55ed2910cc807e4596024266ebdf7b1753405a11,ico,0
259,0x562f587bff5a559e3fe671028b3096d8e3bb9107,ico,0
260,0x563b377a956c80d77a7c613a9343699ad6123911,exchange,0
261,0x564286362092d8e7936f0549571a803b203aaced,exchange,0
262,0x578f3c8454f316293dbd31d8c7806050f3b3e2d8,converter,0
263,0x57a3d07e27475aa8f5d306b7bb25aebfd27c4512,phish-hack,1
264,0x580c2261f2b232d17bd5f62edc6b07e67585a829,phish-hack,1
265,0x587044b74004e3d5ef2d453b7f8d198d9e4cb558,converter,0
266,0x588c0e4af4bb0cd6e63e898bf8ad555452297326,phish-hack,1
267,0x5894110995b8c8401bd38262ba0c8ee41d4e4658,ico,0
268,0x58b249b613ce917b6ccc2f66787856ef39f4f0b6,converter,0
269,0x58c46d06cfdcf9ca2cb590d7b79b12ffa8adce04,converter,0
270,0x58f75ddacffb183a30f69fe58a67a0d0985fce0f,ico,0
271,0x5901deb2c898d5dbe5923e05e510e95968a35067,ico,0
272,0x5978c1473ee84dd9cf3d90d0e931a79906ee52c5,ico,0
273,0x598f0f5fed15632e915ab3c2f928a1e02be8e30d,phish-hack,1
274,0x599485dc0f3d8b308b973b2db5cd44bae46d31c4,converter,0
275,0x59a5208b32e627891c389ebafc644145224006e8,exchange,0
276,0x5a0b54d5dc17e0aadc383d2db43b0a0d3e029c4c,mining,0
277,0x5a2fad810f990c4535ada938400b6b67ef7646af,ico,0
278,0x5a8b20e070e82b4e3fb97ecbd71b587a74f2ecc1,ico,0
279,0x5a9ca3c6362a53edfc78503d65a6a3b7d9af6992,phish-hack,1
280,0x5ab5ed6d05055b714d9d5f4bb027c6835ea8acfb,phish-hack,1
281,0x5baeac0a0417a05733884852aa068b706967e790,exchange,0
282,0x5bd48309926121370da1cbbd5b958926e8bdb328,ico,0
283,0x5c985e89dde482efe97ea9f1950ad149eb73829b,exchange,0
284,0x5ca39c42f4dee3a5ba8fec3ad4902157d48700bf,exchange,0
285,0x5caa556d0b8fa8622b1746bcc1211429737dcafc,phish-hack,1
286,0x5e032243d507c743b061ef021e2ec7fcc6d3ab89,exchange,0
287,0x5e1f89284b8283edcd082901b78c7589f39d5b51,phish-hack,1
288,0x5e575279bf9f4acf0a130c186861454247394c06,exchange,0
289,0x606af0bd4501855914b50e2672c5926b896737ef,ico,0
290,0x606b2272215a0cdd1cf4f38293ffaa42f0f56c34,ico,0
291,0x61edcdf5bb737adffe5043706e7c5bb1f1a56eea,exchange,0
292,0x629a7144235259336ea2694167f3c8b856edd7dc,exchange,0
293,0x62ee4a3c690c9660762c52bf1a232365c86c879b,phish-hack,1
294,0x634cdd7ebeccccf517cd8f4eca959474bc1b58cc,phish-hack,1
295,0x6353940eabe11c7cd78ecc2085ae65cdacc5a92b,phish-hack,1
296,0x635c9c9940d512bf5cb455706a28f9c7174d307f,converter,0
297,0x636141b2c9a53371faa2a2fe90e4d4c6b801397b,phish-hack,1
298,0x63a9975ba31b0b9626b34300f7f627147df1f526,mining,0
299,0x63cdd7f7f28727e6a5d16418c402073ff48b8e52,phish-hack,1
300,0x6411a822850dcfe2fae215248e47de77b1738bea,converter,0
301,0x642430e36695ea0a1c3b72e61168c5e797e6b80b,phish-hack,1
302,0x645a3f2fa86be27a4d9a3cc93a73f27b33df766f,converter,0
303,0x6467738e59dac6ca0675cca98a9ec2e45a3f774c,converter,0
304,0x64b212d2fe54db498df6099e5a9afa8298068f89,phish-hack,1
305,0x64c940690a3660e68d93d8c6412d900bdd3e11e5,phish-hack,1
306,0x6537b65a50a862391515455272f9b6c7168afe94,mining,0
307,0x65ef72c11c53c9ae2fc923cf7780dd030c02ae0a,phish-hack,1
308,0x65f9b2e4d7aaeb40ffea8c6f5844d5ad7da257e0,exchange,0
309,0x660cdee72302d2941a43db1275eded7827023baa,ico,0
310,0x66666672e63f056350c3e79dc605edc36aa8b952,gambling,0
311,0x66f820a414680b5bcda5eeca5dea238543f42054,exchange,0
312,0x6748f50f686bfbca6fe8ad62b22228b87f31ff2b,exchange,0
313,0x6795cf8eb25585eadc356ae32ac6641016c550f2,exchange,0
314,0x67e4bbe50fbc74633dfd9f7683465c02af896541,ico,0
315,0x68795c4aa09d6f4ed3e5deddf8c2ad3049a601da,mining,0
316,0x689c56aef474df92d44a1b70850f808488f9769c,exchange,0
317,0x68c41a0bbe7c936f68764f01b170154b657a194c,converter,0
318,0x68c4b7d05fae45bcb6192bb93e246c77e98360e1,ico,0
319,0x68ceaa85cebd73acd8af16409f14c2e0d44d83aa,gambling,0
320,0x692aaca2f88ed1c6dbd3e4040ec12ee296560cc7,phish-hack,1
321,0x6931e6948702245964dd446333c3bebd989d5e76,phish-hack,1
322,0x699cbeaa28a49e096df00011d734803a0b8f5f80,phish-hack,1
323,0x69c46c1e40465ae9a6c90990ae1568005fe62d6e,phish-hack,1
324,0x69e37aba9b520a204bb0baebd76b0ac1a2390b37,converter,0
325,0x6a0afe6f45a878100480f312b585aa0d752d4d2d,ico,0
326,0x6a164122d5cf7c840d26e829b46dcc4ed6c0ae48,ico,0
327,0x6a4ebd8ce47b1362ea809d93f1beb744c4ffd7ee,converter,0
328,0x6a7a43be33ba930fe58f34e07d0ad6ba7adb9b1f,mining,0
329,0x6b431a7a99780819473722161ee9145e5649c5e2,converter,0
330,0x6b71834d65c5c4d8ed158d54b47e6ea4ff4e5437,exchange,0
331,0x6b7c523f0655bd5a18e4cc53b53659cd3def0307,phish-hack,1
332,0x6b7d50bb8fab584e54251a10e1c6cfa51dd7b618,mining,0
333,0x6c20ef21e604028c649247c581e8e49fda6191ca,phish-hack,1
334,0x6c3183792fbb4a4dd276451af6baf5c66d5f5e48,mining,0
335,0x6c722b811ea96f2ea89436aeea70a3bcd91f669b,converter,0
336,0x6cc5f688a315f3dc28a7781717a9a798a59fda7b,exchange,0
337,0x6dd5a9f47cfbc44c04a0a4452f0ba792ebfbcc9a,ico,0
338,0x6e65c01099acfda3fdcee97249caf30241baf679,phish-hack,1
339,0x6efb20f61b80f6a7ebe7a107bace58288a51fb34,exchange,0
340,0x6f6deb5db0c4994a8283a01d6cfeeb27fc3bbe9c,ico,0
341,0x6f803466bcd17f44fa18975bf7c509ba64bf3825,exchange,0
342,0x6fc82a5fe25a5cdb58bc74600a40a69c065263f8,exchange,0
343,0x705f704d11020ff07acde8592bb80b044e15de16,phish-hack,1
344,0x7098c7113c2ecaf48baad07e598c74c2689a5795,phish-hack,1
345,0x70ba69fcb5720ba8d573b78f641eecb775c0e5a9,phish-hack,1
346,0x70faa28a6b8d6829a4b1e649d26ec9a2a39ba413,exchange,0
347,0x71168843b49e305e4d53de158683903ef261b37f,converter,0
348,0x7172c5b24bdce3b93a78c53ef1ece011b0472c1b,converter,0
349,0x7197e9d17b8a5d219e0facea59301eb7eef5ef87,phish-hack,1
350,0x71e7c73375efbefdf7b4be67e768d9038dde2488,ico,0
351,0x72101d19ed90ad71ffaaf6c328930ab9646e751f,ico,0
352,0x72844ab8b5f59c0251bcce6ef5f2be92d7528c1a,converter,0
353,0x72bcfa6932feacd91cb2ea44b0731ed8ae04d0d3,exchange,0
354,0x73957709695e73fd175582105c44743cf0fb6f2f,exchange,0
355,0x742d35cc6634c0532925a3b844bc454e4438f44e,exchange,0
356,0x746aaac06b04c36f5fea9bbb35ca75518eda1cca,ico,0
357,0x749bd34c771456a8de28aa0883b00d11273e2ede,ico,0
358,0x751b934e7496e437503d74d0679a45e49c0b7071,converter,0
359,0x754a7657092fd2862338ff06ce02cfc389d49e21,phish-hack,1
360,0x75ba02c5baf9cc3e9fe01c51df3cb1437e8690d4,ico,0
361,0x75e89d5979e4f6fba9f97c104c2f0afb3f1dcb88,exchange,0
362,0x762ad6be3f56a132f99cc0cd6ba4c84d1e992824,phish-hack,1
363,0x7727e5113d1d161373623e5f49fd568b4f543a9e,exchange,0
364,0x7768a2e685da843a7dcf9a0f09b4d03d8d7fb6c4,converter,0
365,0x7793cd85c11a924478d358d49b05b37e91b5810f,exchange,0
366,0x788ca5935759c06ea223d0e2cf5ea5729d669c18,converter,0
367,0x7891b20c690605f4e370d6944c8a5dbfac5a451c,exchange,0
368,0x78c544eede78eb781707a1d46377bf6be9d028df,phish-hack,1
369,0x7929417834345d62b366d027fb143eaa179ddbce,phish-hack,1
370,0x7942ec88b93ac9227957a118d8d09aa736c886a1,phish-hack,1
371,0x7a10ec7d68a048bdae36a70e93532d31423170fa,exchange,0
372,0x7b66563dd534c3e66fee08c995da9d5e77c883f9,phish-hack,1
373,0x7bac8115f3789f4d7a3bfe241eb1bcb4d7f71665,converter,0
374,0x7bb187351421c3affda57c7a5132e304f73167c8,ico,0
375,0x7c27f68b0d5afffb668da3e046adfba6ea1f6bc3,ico,0
376,0x7c49e1c0e33f3efb57d64b7690fa287c8d15b90a,exchange,0
377,0x7c4b4bb0bb0fadbcb1c54ed55a3b4f1d456726c6,ico,0
378,0x7c6694032b4db11ac485e1cff0f7509d58b41569,mining,0
379,0x7d5d58560819c172e45b46c0965bbda5a8895f80,ico,0
380,0x7d922a4f7f24ffcb130c4eeaf291a6475e3e4dd2,phish-hack,1
381,0x7da82c7ab4771ff031b66538d2fb9b0b047f6cf9,ico,0
382,0x7da9fcec7d8cd0e13d0dac193fffe4cbe888814c,converter,0
383,0x7db9656fc8435f765df5748e32bf329098ffb5fb,phish-hack,1
384,0x7dfebdd6902f3df5a0f247d18f7895116f640bd1,converter,0
385,0x7e4b0abad3407b87a381c1c05af78d7ad42975e7,converter,0
386,0x7e6614722614e434c4df9901bab31e466ba12fa4,ico,0
387,0x7ed44f8b304cd71664cbe8c94614660859fca2c6,phish-hack,1
388,0x7ef35bb398e0416b81b019fea395219b65c52164,exchange,0
389,0x7f3b29ae0d5edae9bb148537d4ed2b12beddf8b3,mining,0
390,0x7f642b25a930f732f4214f69df0d0d2f647bcc63,phish-hack,1
391,0x804a67880f461c2ba4b927a10e99e371962b0f3f,phish-hack,1
392,0x810c99c5de0a673e4bc86090f9bfe96a6d1b49a7,converter,0
393,0x8196cdd6e17991b22816bb9cdd31faceecf2f816,gambling,0
394,0x8271b2e8cbe29396e9563229030c89679b9470db,exchange,0
395,0x829bd824b016326a401d083b33d092293333a830,mining,0
396,0x83940770976605dda722a620dd9d91825c8d65dc,phish-hack,1
397,0x83c1ded540d8b6b734885ed9083a5c4e4f142e73,converter,0
398,0x83e240d1cbc6ec7f394cd6ba5ed01b7fcdf44ed5,converter,0
399,0x8408263f4f0691db34bd7666b5af61e19cb91b91,phish-hack,1
400,0x84106febe96b45d1a6cf1dceec8285c46faf25de,phish-hack,1
401,0x841991ffe0dafd619bc517d82ee4700c37136140,ico,0
402,0x84a6ddb94f9d16334896f581c7f927a9e6ae5601,ico,0
403,0x850468f69fa4fe32816cd7698fd5bd1ece3e1d5c,ico,0
404,0x851b7f3ab81bd8df354f0d7640efcd7288553419,ico,0
405,0x85234c92d4dddf239df9c76497a6516fdf546577,phish-hack,1
406,0x8533a0bd9310eb63e7cc8e1116c18a3d67b1976a,exchange,0
407,0x8595dd9e0438640b5e1254f9df579ac12a86865f,mining,0
408,0x85992bb01c8c64a80656c1df988f313af6b661e9,ico,0
409,0x85d642eafb5f15ef54852b57302040ab066ff2c4,phish-hack,1
410,0x8606704880234178125b2d44cbbe190ccdbde015,converter,0
411,0x8658863984d116d4b3a0a5af45979eceac8a62f1,converter,0
412,0x868413a5d2fe073114e5358c576779ad10df2644,phish-hack,1
413,0x873767026deab58b3d14ceb60a0c9ba60773e3e7,ico,0
414,0x874d5e5654811af020bf3530d8fd49abb7fdf7a7,converter,0
415,0x875c9a271eab0daf1f78d061879784a24c044b2e,phish-hack,1
416,0x876eabf441b2ee5b5b0554fd502a8e0600950cfa,exchange,0
417,0x882c3163237009dca0aa3d479f73eb55639339e4,phish-hack,1
418,0x8858297c69ed011c48feaa96f0c89349ef389b67,phish-hack,1
419,0x88bdeb65ed500794118d0e5fdf5808d23bb74e73,phish-hack,1
420,0x8909cc8d294544ca2c956550edbcb59ce4f2a9ad,phish-hack,1
421,0x8958618332df62af93053cb9c535e26462c959b0,exchange,0
422,0x89add413f34c4858458d658a9f24456551762803,ico,0
423,0x89c0e39f3b3be95c238912788687dbaebe7e6a2b,phish-hack,1
424,0x89c5043a38736f37d12bf1d3a1bb82894b3ebe14,phish-hack,1
425,0x8a0e85901849b40a7f80399a00f7115193c0bdb2,phish-hack,1
426,0x8b30e174bddb3c0376e666afb8a4196e2f53182d,converter,0
427,0x8b56ef96c1cc67dac0a57ccea197a2ef1568ad33,converter,0
428,0x8bb76c5ae6b7d6bd1678510edd06444acdf8f72b,converter,0
429,0x8c097a9c954894c8779edef955398d6b8ea7226a,ico,0
430,0x8c2036ce61648fcddffb06d6d11fe0b479ed63fe,converter,0
431,0x8c73126b85f59d85aa61391579b4c2710dd70f96,converter,0
432,0x8c9d135ac2778e1a7d326932aad302e7c22c94d7,phish-hack,1
433,0x8d35067233605bef6069191ae0922d134ff80d48,mining,0
434,0x8d4426f94e42f721c7116e81d6688cd935cb3b4f,phish-hack,1
435,0x8d451ae5ee8f557a9ce7a9d7be8a8cb40002d5cb,exchange,0
436,0x8d76166c22658a144c0211d87abf152e6a2d9d95,exchange,0
437,0x8d9d0bd75319a3780d3cab012759efbae334291b,ico,0
438,0x8dcaeebf49a479ed5e5b3b45a38c9125a0ef6d23,ico,0
439,0x8e7fc617e87b39bd5fe1767a95afa53d2c79f147,converter,0
440,0x8ee2ba41ef59b5773e5909451e0b8bad4e59a81b,phish-hack,1
441,0x8f95d25bd5ec1973b8cbcd9572a7287f03420ca7,phish-hack,1
442,0x8fa8af91c675452200e49b4683a33ca2e1a34e42,exchange,0
443,0x8fce1ef27f3add1411c7a99be402de598ad38389,mining,0
444,0x8fd5bfbc2f61a450400ae275e64d1e171c05b639,converter,0
445,0x903dc47aa7c40f9f59ef1e5c167ce1a9b39a2bff,phish-hack,1
446,0x905475cbca398e8fee6e35bcb2f530a3474b78ce,phish-hack,1
447,0x91459992bcbf089851abffa033559c2eef120469,phish-hack,1
448,0x915d7915f2b469bb654a7d903a5d4417cb8ea7df,exchange,0
449,0x91f6d99b232153cb655ad3e0d05e13ef505f6cd5,exchange,0
450,0x92cd726ce03ceaa4bf7198ce9c52d05d63cee575,phish-hack,1
451,0x9327cb34984c3992ec1ea0eae98ccf80a74f95b9,phish-hack,1
452,0x934f49fcf451a34026e3dfc3f26a1de01b83b509,phish-hack,1
453,0x93b7e9364c4df6de55ed0d10c80e7afc0612e93a,ico,0
454,0x93d8d5bb1f1e4822f3c614d9a09e7c5e3fabc13a,phish-hack,1
455,0x9435d50503aee35c8757ae4933f7a0ab56597805,mining,0
456,0x944a3f5641d6faf7a6abde4ec31e40d0929955ed,phish-hack,1
457,0x94c654fef85b8b0a982909a6ca45b66bb2384236,converter,0
458,0x9539e0b14021a43cde41d9d45dc34969be9c7cb0,exchange,0
459,0x956e0dbecc0e873d34a5e39b25f364b2ca036730,exchange,0
460,0x95b2eb812ce96cabc6dfd94bfcdae5192e027763,ico,0
461,0x95c5db5bd9a0260fc457af4f6fc6de7819d9b1a6,phish-hack,1
462,0x95ffcdf36129e5e256190609cd97841d03e52356,phish-hack,1
463,0x9655eb5183e3d373c6db087dd8fc6dae3c5047f1,phish-hack,1
464,0x967cd47aa3195cff1248ac123e8a452d84daba1d,ico,0
465,0x967f1c667fc490ddd2fb941e3a461223c03d40e9,converter,0
466,0x96fc4553a00c117c5b0bed950dd625d1c16dc894,exchange,0
467,0x97b20481241fe3cb9cc9ba50609d377b2506cdaa,phish-hack,1
468,0x9826d8246e0c38cd3ec3f8b6d733be6001c2c712,phish-hack,1
469,0x983293eb01740d9788bbdcfe3a29d1bf2fdfc47d,ico,0
470,0x986a2fca9eda0e06fbf7839b89bfc006ee2a23dd,exchange,0
471,0x98d67bc5ba8e43721972204e5e1e4eaef43cadb1,phish-hack,1
472,0x9999998a72a185006f1d17e57d4e586599afb75f,gambling,0
473,0x999999c60566e0a78df17f71886333e1dace0bae,gambling,0
474,0x99c85bb64564d9ef9a99621301f22c9993cb89e3,mining,0
475,0x9a3487c0d300c4d3a7b3ff38d7a18c53c66f1c49,converter,0
476,0x9a41b63664fd1bdf52024e8a3998d7c6a3839d62,converter,0
477,0x9a4afeaecd8efe2a7186365b55e72503d555713b,phish-hack,1
478,0x9a4cd44c1a55cfda565430dee9bfb54f2aacfd6a,ico,0
479,0x9a60ad6de185c4ea95058601beaf16f63742782a,ico,0
480,0x9b10206f236669f4f40e8e9806de9ab1813d3f65,converter,0
481,0x9b76ad3435e2cbd4e08feea210a9972465a4748c,phish-hack,1
482,0x9c67e141c0472115aa1b98bd0088418be68fd249,exchange,0
483,0x9cbadd5ce7e14742f70414a6dcbd4e7bb8712719,exchange,0
484,0x9d217bcbd0bfae4d7f8f12c7702108d162e3ab79,ico,0
485,0x9d551f41fed6fc27b719777c224dfecce170004d,mining,0
486,0x9d6d492bd500da5b33cf95a5d610a73360fcaaa0,mining,0
487,0x9db99e73c52bcc353963022ac184a25e80f655bd,phish-hack,1
488,0x9df172fc167a8a567c208fc14e3435eb8043e2b7,ico,0
489,0x9e1836e45e88c92926105910d4a5988a1f677181,ico,0
490,0x9e55507a10af47f0a60493e77af432d588b9907b,phish-hack,1
491,0x9e6316f44baeeee5d41a1070516cc5fa47baf227,exchange,0
492,0x9ee1e7d4f70a698689557b6bb67e8b6555e36d59,phish-hack,1
493,0x9eea7fda3c78cd8c096ae229de8217a94cd1bcfe,phish-hack,1
494,0x9f547e89078b24d0e2269ba08eb411102e98ca14,converter,0
495,0x9f5ca0012b9b72e8f3db57092a6f26bf4f13dc69,exchange,0
496,0x9fb01a2584aac5aae3fab1ed25f86c5269b32999,exchange,0
497,0xa027231f42c80ca4125b5cb962a21cd4f812e88f,mining,0
498,0xa04fc9bd2be8bcc6875d9ebb964e8f858bcc1b4f,ico,0
499,0xa0c7d4f3fc7f8a46fb58990228d0b82a0354f371,phish-hack,1
500,0xa0d4bee1beeafce031c56cfb40210746cc6ab2d0,phish-hack,1
501,0xa0db892affca7ec5ba3cea5d03fc0bc53db34036,converter,0
502,0xa12431d0b9db640034b0cdfceef9cce161e62be4,exchange,0
503,0xa2537d2efd038b90b192ecabb8126e282cd538e0,converter,0
504,0xa2630fc0233940779f25dfdcff3abbdc85682a4c,converter,0
505,0xa2c9a7578e2172f32a36c5c0e49d64776f9e7883,ico,0
506,0xa30d8157911ef23c46c0eb71889efe6a648a41f7,exchange,0
507,0xa33516e6f64c6c2869dff6744953a472cd60c8f6,ico,0
508,0xa3a89db39f4cbfb8753259456332ce8373ff5bad,converter,0
509,0xa3c084ae80a3f03963017669bc696e961d3ae5d5,mining,0
510,0xa3e785ee490e1102fe32512973c96dc7dc876348,phish-hack,1
511,0xa3ee246232ebd99ec9a07851116f9f67380c5e6f,phish-hack,1
512,0xa42af2c70d316684e57aefcc6e393fecb1c7e84e,mining,0
513,0xa43d3805105922989e58a5188193c283fff471e7,phish-hack,1
514,0xa4ddd3977920796bfb14ca8d0fb97491fa72a11d,ico,0
515,0xa4eeb26d8a0d30b748d3a29705e51e5325f2914a,converter,0
516,0xa52e014b3f5cc48287c2d483a3e026c32cc76e6d,gambling,0
517,0xa5384627f6dcd3440298e2d8b0da9d5f0fcbcef7,ico,0
518,0xa5d1e58ece1fc438d64e65769d2ab730143a4caf,ico,0
519,0xa5e83199a7ecb6669064d492f15ddc096b6cbab8,phish-hack,1
520,0xa6048af9aee7a179777524a6968c20ac0eb1f125,phish-hack,1
521,0xa61344257ed7c98b4690572e63797d75b0753f96,phish-hack,1
522,0xa62142888aba8370742be823c1782d17a0389da1,gambling,0
523,0xa62cb4bd9e69e9170a2d973aa3aece5a1215d41c,phish-hack,1
524,0xa646e29877d52b9e2de457eca09c724ff16d0a2b,ico,0
525,0xa6e71bdc40952eb1c083e5ae4940d70886296724,phish-hack,1
526,0xa6f89e1d3de44691ef031706e13c1ad091fd60f6,converter,0
527,0xa723606e907bf84215d5785ea7f6cd93a0fbd121,ico,0
528,0xa74642aeae3e2fd79150c910eb5368b64f864b1e,gambling,0
529,0xa7a402266ceea0652ea8eafd919d619d16bee134,converter,0
530,0xa7f72bf63edeca25636f0b13ec5135296ca2ebb2,phish-hack,1
531,0xa8454096f4a18e0252b411f670b3dd9d21465e75,phish-hack,1
532,0xa855c20a1351acd2690c716e2709c7dff3978d12,mining,0
533,0xa85b419eee304563d3587fe934e932f056ca3c14,ico,0
534,0xa8660c8ffd6d578f657b72c0c811284aef0b735e,exchange,0
535,0xa86a60d53e6f474e049be54824551bb99f05adee,ico,0
536,0xa888868100e2a027ed97425a2307958b99a9495f,phish-hack,1
537,0xa8ace92ea2d9174f75208ee44495f459e0491a96,converter,0
538,0xa910f92acdaf488fa6ef02174fb86208ad7722ba,exchange,0
539,0xa9aabbfa7d2f1a7e946186cdfe056c9693fe3841,converter,0
540,0xaa6ac9f7500a42ca0e76e0176face67938daaa11,phish-hack,1
541,0xaa8cec9cbd7d051ba86d9deff1ec0775bd4b13c5,converter,0
542,0xaa90b4aae74cee41e004bc45e45a427406c4dcae,exchange,0
543,0xaa9fa73dfe17ecaa2c89b39f0bb2779613c5fc3b,exchange,0
544,0xab11204cfeaccffa63c2d23aef2ea9accdb0a0d5,exchange,0
545,0xab2b2957d734d069b93227dfab93f1302f1930ab,converter,0
546,0xab5c66752a9e8167967685f1450532fb96d5d24f,exchange,0
547,0xab83d182f3485cf1d6ccdd34c7cfef95b4c08da4,exchange,0
548,0xabc490af011c8e354b7d2112648883fe9e511695,phish-hack,1
549,0xac14590ad8184a48302f59a8baaf924b865de4c5,phish-hack,1
550,0xac1b275f272f15c226b4e099a4cbf4e53b366cc7,converter,0
551,0xac57457748d66139ec89a6d1b13bf119a1efb31a,phish-hack,1
552,0xad54edbe26782a7c190eabc0b35869b0e66ffcce,ico,0
553,0xad8ea3b0215e6efd9d2f2aa22baf6d494dbf7662,ico,0
554,0xadb2b42f6bd96f5c65920b9ac88619dce4166f94,exchange,0
555,0xadb72986ead16bdbc99208086bd431c1aa38938e,exchange,0
556,0xae18c66ac8e11f1218e5b5d25535b935644b8c42,ico,0
557,0xae7006588d03bd15d6954e3084a7e644596bc251,exchange,0
558,0xae9dcec1fb0814ca02ca1e6690d05f33488b4c8b,phish-hack,1
559,0xaec1f783b29aab2727d7c374aa55483fe299fefa,gambling,0
560,0xaeec6f5aca72f3a005af1b3420ab8c8c7009bac8,exchange,0
561,0xaf518d65f84e4695a4da0450ec02c1248f56b668,ico,0
562,0xaf6a5b0998ff41355f3b4fe1ab96d89bd2c487d3,converter,0
563,0xafa1c92a27215d1d1dad4fa89972e7c8d91218f9,ico,0
564,0xaff9e40f9b245b15a1d1bb45516ca213e682fa81,phish-hack,1
565,0xb018af916ed0116404537d1238b18988d652733a,converter,0
566,0xb0608ca76d2ec6984f652829e887811516e4b846,phish-hack,1
567,0xb0c591788ac5f9638a8aea025019e626f17186df,ico,0
568,0xb1c5d524382324c9472c6f8e1a3c0a64465a4902,ico,0
569,0xb2930b35844a230f00e51431acae96fe543a0347,mining,0
570,0xb2bc3b9558a22a73edd531c590593f5e4e3370a7,converter,0
571,0xb2cc3cdd53fc9a1aeaf3a68edeba2736238ddc5d,exchange,0
572,0xb316cb2de8f2e6aed5a78a586f1c8dcc80c48802,converter,0
573,0xb33f5f5172fce076e9355afcf2529982260b7a4b,converter,0
574,0xb3775fb83f7d12a36e0475abdd1fca35c091efbe,gambling,0
575,0xb48c99c37b7cf4ac0a1c2dca518782c1feb4f066,phish-hack,1
576,0xb4e23d717ed13345498f100c9eacbb256916ae1a,ico,0
577,0xb4e817449b2fcdec82e69f02454b42fe95d4d1fd,ico,0
578,0xb53e95a4b7c5e15a790df3a66709b2e9f1cf9e3f,phish-hack,1
579,0xb55d31e46428beb28234b62d5178dad5ec8ad8ca,ico,0
580,0xb5a5a031d8b8577871384be6055b2ea29fac064c,converter,0
581,0xb5eb9d18c0413535baf1fa8bd8bf8f6ea7fea47a,phish-hack,1
582,0xb619a34abac80478ae6a93527fdeaeeb0e51e934,phish-hack,1
583,0xb62ef4c58f3997424b0cceab28811633201706bc,ico,0
584,0xb6ba1931e4e74fd080587688f6db10e830f810d5,exchange,0
585,0xb726da4fbdc3e4dbda97bb20998cf899b0e727e0,exchange,0
586,0xb794f5ea0ba39494ce839613fffba74279579268,exchange,0
587,0xb7f9fdb9f3f6142cf5e2b7bee8aeba059dfb091b,phish-hack,1
588,0xb85e52268cbf57b97ae15136aa65d4f567b8107c,converter,0
589,0xb8cf411b956b3f9013c1d0ac8c909b086218207c,exchange,0
590,0xb952ccbc1893c4dd1701bde249e62fc3ed357967,converter,0
591,0xb9b9b6aca1a0cf4ea4eb0ced466d66a62f8eb072,phish-hack,1
592,0xb9ee1e551f538a464e8f8c41e9904498505b49b0,exchange,0
593,0xb9ee29ff43d319c126ed2dbdd74d49a2659ede56,phish-hack,1
594,0xba2be1cd1f00470c21385b7cbed6211aefac0172,converter,0
595,0xba826fec90cefdf6706858e5fbafcb27a290fbe0,exchange,0
596,0xbaf18322ce288b08b2c58081fd0d1a9f03a9ea37,phish-hack,1
597,0xbafc0bf857ae9b8feaed937ac90e44d90a487c72,converter,0
598,0xbc85a12364c9e375801c00aad17b893fc4c8f5b6,phish-hack,1
599,0xbd2ec7c608a06fe975dbdca729e84dedb34ecc21,exchange,0
600,0xbd8ef191caa1571e8ad4619ae894e07a75de0c35,exchange,0
601,0xbdd5645986f492954465b5e407f7528c0cf88ffa,phish-hack,1
602,0xbe0eb53f46cd790cd13851d5eff43d12404d33e8,exchange,0
603,0xbf471cc7379befe3612cec5b6f24344415da4f24,phish-hack,1
604,0xc02d4bd00f642d2821e4279c810dd7b6e49264f8,converter,0
605,0xc03281af336e2c25b41ff893a0e6ce1a932b23af,ico,0
606,0xc04b5a4556d00bca8eac5f5acca31981a6597409,converter,0
607,0xc0ded1d24c071ca13a905ec5e54a6ffdd0c4df68,phish-hack,1
608,0xc0e30823e5e628df8bc9bf2636a347e1512f0ecb,exchange,0
609,0xc11cce040583640001f5a7e945dfd82f662cc0ae,converter,0
610,0xc18166e01970be040d8c7761cdd1c3372ae1edf0,converter,0
611,0xc1f9c01602043fcef642cc8601bda13ca29b7a9c,phish-hack,1
612,0xc2cce1f4190d4451c63cf591678c807679c3d728,ico,0
613,0xc31db08240a11df6a4c159ff4e6d69f484fc3828,converter,0
614,0xc39e562defc6ddd1f44ee698cf9303092b86051d,ico,0
615,0xc3caf142a41b0fae78a922c25fc0eecdcf0985d1,phish-hack,1
616,0xc42bfd4f93b46037888602c3e7e6e57d65e87e73,phish-hack,1
617,0xc4904676bfee9b5332033e6f7307433635346d21,ico,0
618,0xc4b1a260735fdc817409183db8594baf9f0b0f2f,phish-hack,1
619,0xc640b901a529c58fb6f6c53665768e2d5c835421,ico,0
620,0xc6725ae749677f21e4d8f85f41cfb6de49b9db29,converter,0
621,0xc6aacdf2cb021515009098025a0ece472608918e,converter,0
622,0xc78310231aa53bd3d0fea2f8c705c67730929d8f,ico,0
623,0xc79ab28c5c03f1e7fbef056167364e6782f9ff4f,ico,0
624,0xc7cd9d874f93f2409f39a95987b3e3c738313925,ico,0
625,0xc839ee5542b4e8413246b3634c5c739fea949562,mining,0
626,0xc869af1617a9032a7c8ee60427027ba23cb9e4f8,ico,0
627,0xc87b1bf162c1719e3ffdf34995d1853192d6633b,ico,0
628,0xc893f7e271d1436ae3758cd59d5242884c02fb7f,converter,0
629,0xc8bda09b2ddd5a3bf9465dde8d6e0bc3a19072f7,phish-hack,1
630,0xc91293245b669da19a96cd85d40bb9c203359657,phish-hack,1
631,0xc98f8c6b319ecceccaa9361ed5372274674f96cf,ico,0
632,0xc9f32ce1127e44c51cbd182d6364f3d707fd0d47,phish-hack,1
633,0xca48ba80cfa6cc06963b62aee48000f031c7e2dc,ico,0
634,0xca4da1753336aa8340710e0e1a8c0bee2bfbf56c,phish-hack,1
635,0xcaa5854034d7eda409e2479c6c0351c167e21a08,phish-hack,1
636,0xcafe1a77e84698c83ca8931f54a755176ef75f2c,ico,0
637,0xcc13856ac5ec565c2ef8770a347a224351163dca,phish-hack,1
638,0xcc1aac4513f751effc94e259daf8a37b76f9db75,ico,0
639,0xcc22cb1b6625b64e81909456111d76be6158dfbc,mining,0
640,0xcc7ecc050aab5843c79f14933e207f032bc16b78,phish-hack,1
641,0xcceed0b7185fbe7f69c083a6c0f6ff5910548d75,gambling,0
642,0xcde79393c6f0deb9b7b51579a386c853feb8e104,phish-hack,1
643,0xcde79f10b689a716029d0edb54de78b1bbc14957,converter,0
644,0xce1bf8e51f8b39e51c6184e059786d1c0eaf360f,exchange,0
645,0xce1e2b5ffe4d441abafd136768f24867101dfa50,converter,0
646,0xce52a8dd7c8ad08e94b44620622e3630f7c1fc90,ico,0
647,0xce52d38539e1e557f184f1073a59f69c9ba95f28,phish-hack,1
648,0xceebb2d0cdc85e9774a232bab74c45fc883c15e4,phish-hack,1
649,0xcf6ce585cb4a78a6f96e6c8722927161a696f337,mining,0
650,0xcf7787ca25010d3dbfa2ccc32ea58d2160290ef4,ico,0
651,0xd0c1bdb51514f144f11169140d408c26bd89f9e5,converter,0
652,0xd0db3c9cf4029bac5a9ed216cd174cba5dbf047c,mining,0
653,0xd1560b3984b7481cd9a8f40435a53c860187174d,exchange,0
654,0xd1ceeeeee83f8bcf3bedad437202b6154e9f5405,gambling,0
655,0xd1e12869f076f1fc88ced475144d372988bd6b97,phish-hack,1
656,0xd1e56c2e765180aa0371928fd4d1e41fbcda34d4,mining,0
657,0xd20e4d854c71de2428e1268167753e4c7070ae68,ico,0
658,0xd224ca0c819e8e97ba0136b3b95ceff503b79f53,mining,0
659,0xd24400ae8bfebb18ca49be86258a3c749cf46853,exchange,0
660,0xd289bc0a919e75b824f4dfc376e9f24c119ed3f3,phish-hack,1
661,0xd3273eba07248020bf98a8b560ec1576a612102f,exchange,0
662,0xd344539efe31f8b6de983a0cab4fb721fc69c547,exchange,0
663,0xd34da389374caad1a048fbdc4569aae33fd5a375,mining,0
664,0xd361339550cd8b3e9446bbb12aea337785a7aea4,converter,0
665,0xd3a3bace3d61f6f5d16a9b415d51813cd2ea3887,converter,0
666,0xd4dcd2459bb78d7a645aa7e196857d421b10d93f,exchange,0
667,0xd52fcaf53cd3efd7e1d484fd9cd2dd21355063e5,phish-hack,1
668,0xd551234ae421e3bcba99a0da6d736074f22192ff,exchange,0
669,0xd582cec308d9320b2ec3dc2868b56549fc8ace5a,phish-hack,1
670,0xd5bbb4264b70ca4f58c45d27b9d7e11190754a54,mining,0
671,0xd5e846494df899e0d7ea5e628501dfe420d2643b,phish-hack,1
672,0xd6572692be52881905dd59d4984cc7e61a2514e7,phish-hack,1
673,0xd7169672b25271d379cc2c022dfe0ceebb3f006f,converter,0
674,0xd75496c0a6a36308cfda58e317ab97ea46b8f6b5,ico,0
675,0xd780ae2bf04cd96e577d3d014762f831d97129d0,ico,0
676,0xd787e430cf92d42fa28b7643e41ea1d871a19fff,phish-hack,1
677,0xd7b9a9b2f665849c4071ad5af77d8c76aa30fb32,exchange,0
678,0xd7c866d0d536937bf9123e02f7c052446588189f,exchange,0
679,0xd8ddfd63696127b18911546b13856cf98a246ff4,phish-hack,1
680,0xd9f5599c07be8eb4bb420fb258af6c25c7154866,converter,0
681,0xdb53ce480bac3ce96fdb79fae1156f80b6925e05,phish-hack,1
682,0xdb82af76f9ccddfe9e8f7996492f4c5bd5f9d53d,phish-hack,1
683,0xdb8c6862ea4f5cc843c4b3ed75eb8951714b7635,ico,0
684,0xdb9272880400e0ae8e522994f6a959122d94c7b7,converter,0
685,0xdbbc7e7098f69ff271c7d12b75b53c099d3c883d,phish-hack,1
686,0xdc3896be3eb4bb3b3eb2f936348e942796078920,phish-hack,1
687,0xdc76cd25977e0a5ae17155770273ad58648900d3,exchange,0
688,0xdc9727d102f00adf0043d04431b6cd162c5114ea,ico,0
689,0xdccdce28bba5b796724f1b50ab350403d895fe08,phish-hack,1
690,0xdccea2e783d873acb4ccfb7dead1004d90ad481d,phish-hack,1
691,0xdd0940c356ebe5bb23039bbf6c83f33c7d510dc9,phish-hack,1
692,0xdd44566108758d8c8224d303ef92492229014a2a,phish-hack,1
693,0xdd76b55ee6dafe0c7c978bff69206d476a5b9ce7,ico,0
694,0xdd9b82c59aa260b2a834ec67c472f43b40a2e6f1,converter,0
695,0xddddddd1fd4e3708869c00cabe6b0b9d15181bb9,gambling,0
696,0xded605e5a25d7e6808d726a52257ac5e65b99475,phish-hack,1
697,0xdf398e0be9e0da2d8f8d687fd6b2c9082eefc29a,ico,0
698,0xdf4d1b71aa4b8bb6814b2e5819844c3093a56349,ico,0
699,0xdf5021a4c1401f1125cd347e394d977630e17cf7,exchange,0
700,0xdf76e7e26f6ee937f09a3f17f1d7047c0f928e12,converter,0
701,0xdfa8e0d144b1bd7b9f08cd05a7726cc20121292f,phish-hack,1
702,0xe03c23519e18d64f144d2800e30e81b0065c48b5,exchange,0
703,0xe0569fd1c3f0affd7e08131a16c06f3381c9355a,converter,0
704,0xe103038c907625be740aa467cf597c7e89d5c5ad,converter,0
705,0xe112784753273ebede055968ecb78dcad8ff6da2,phish-hack,1
706,0xe17ee7b3c676701c66b395a35f0df4c2276a344e,exchange,0
707,0xe1f338e069f202f2113d32c8a5d1046d83c92ca4,gambling,0
708,0xe28e72fcf78647adce1f1252f240bbfaebd63bcc,ico,0
709,0xe30ee6f6a973a07687c60be30c1b17818bc1c2a5,phish-hack,1
710,0xe3224fa0197de258ba065c35380d7dfd2396ec89,phish-hack,1
711,0xe477292f1b3268687a29376116b0ed27a9c76170,ico,0
712,0xe4bdced60430a90f31dba03524dd5d15a2670649,mining,0
713,0xe53730216bafc67e12d371047fa9f18fa4cfd93c,converter,0
714,0xe56303d8ff8c25c240f41d90fcaae1469c5b5f77,phish-hack,1
715,0xe5d0c3fea1e5f01ca4098e9580b93b3b5d0ea768,ico,0
716,0xe606ab862d5ab58783b0eedee0839a2b47927ce8,phish-hack,1
717,0xe6517b766e6ee07f91b517435ed855926bcb1aae,gambling,0
718,0xe65c7e27c1c086f26ce0daa986c3d9c24ef3c2d8,converter,0
719,0xe6a7a1d47ff21b6321162aea7c6cb457d5476bca,mining,0
720,0xe6eb070bcef81fd12a198ba03fe393e9ee4cb671,phish-hack,1
721,0xe76fe52a251c8f3a5dcd657e47a6c8d16fdf4bfa,ico,0
722,0xe79eef9b9388a4ff70ed7ec5bccd5b928ebb8bd1,exchange,0
723,0xe7a06aab8286cef4206942a4891ee95a40e86466,phish-hack,1
724,0xe7cc576611c2df800862db667140a90cf9ec4b72,phish-hack,1
725,0xe804ad72e60503ed47d267351bdd3441ac1ccb03,ico,0
726,0xe84a69675d316a639203b527919504b33e8d6f20,gambling,0
727,0xe853c56864a2ebe4576a807d26fdc4a0ada51919,exchange,0
728,0xe855283086fbee485aecf2084345a91424c23954,exchange,0
729,0xe86d3a9bada1b7adcc32abde0522861b1dc7973a,converter,0
730,0xe88d6d63389d5c91e6348e379913f330739ad2c4,converter,0
731,0xe8a0e282e6a3e8023465accd47fae39dd5db010b,exchange,0
732,0xe9203c8c8eeaeffefecffad6d883c3ea205a832b,ico,0
733,0xe93381fb4c4f14bda253907b18fad305d799241a,exchange,0
734,0xe94b04a0fed112f3664e45adb2b8915693dd5ff3,exchange,0
735,0xe9800c0b73a71be61d49a61fa3b2320ee524fb3d,converter,0
736,0xe9eca8bb5e61e8e32f26b5e8c117561f68084a9c,ico,0
737,0xea3a46bd1dbd0620d80037f70d0bf7c7dc5a837c,exchange,0
738,0xea674fdde714fd979de3edf0f56aa9716b898ec8,mining,0
739,0xead6be34ce315940264519f250d8160f369fa5cd,exchange,0
740,0xeb32e949d214773ff718dfc92b4803bd14db15c1,phish-hack,1
741,0xeb6d43fe241fb2320b5a3c9be9cdfd4dd8226451,exchange,0
742,0xebbd58cd1c31c08ef7a17337c264ba502762e993,ico,0
743,0xecf37af81b814d418b5cdf2ec985508888d7c67a,phish-hack,1
744,0xed3e80e059b0ab32b55048fe01c6c3386386e20c,converter,0
745,0xed8204345a0cf4639d2db61a4877128fe5cf7599,exchange,0
746,0xedbb72e6b3cf66a792bff7faac5ea769fe810517,exchange,0
747,0xedc0c49946b93aa296a11298480ae7913bb65222,phish-hack,1
748,0xedcc9346d266c78364f21b1aca88641be7ca73e1,converter,0
749,0xee155572635ae7d1f4e30ec3179ce65b5342cb17,ico,0
750,0xeea5b82b61424df8020f5fedd81767f2d0d25bfb,mining,0
751,0xeeb70fd96f6c8838aeffb9d8dc042eab97b1bb09,phish-hack,1
752,0xeec606a66edb6f497662ea31b5eb1610da87ab5f,exchange,0
753,0xeed16856d551569d134530ee3967ec79995e2051,exchange,0
754,0xeee28d484628d41a82d01e21d12e2e78d69920da,exchange,0
755,0xef21c67740da0b286ab3a431f1dd5409a41eff2d,converter,0
756,0xf12d3f5d38c2408da3122cee1432e89c16522b3b,phish-hack,1
757,0xf261b3a60ef40ee0b369b0705c1a2c58b02799df,phish-hack,1
758,0xf2859ea69231af73609a1f22efd1059892915c77,converter,0
759,0xf346a9884bf8f858848268fb9d8ab31dae4b323f,converter,0
760,0xf35074bbd0a9aee46f4ea137971feec024ab704e,mining,0
761,0xf36b756013f80b162e8713fb37df7dda0cd7f143,phish-hack,1
762,0xf3b9d2c81f2b24b0fa0acaaa865b7d9ced5fc2fb,mining,0
763,0xf3d1f26b31db83c8899626746d0bbc59d9dd223c,ico,0
764,0xf3ed5b15618494ddbd0a57b3bca8b2686ac0bc04,converter,0
765,0xf4327c919854cb099ac574a22f5fba901e2025c4,converter,0
766,0xf51b4021c6f1af31f44bf575188986e733a971fe,phish-hack,1
767,0xf591bbf70178bcaa80d306ab65755ab7038962cd,phish-hack,1
768,0xf5c8b99c64a5584a911d3aae4873b3581d48586e,ico,0
769,0xf6238cbc1b74b183e54d63a555f867baa00d92df,phish-hack,1
770,0xf6884686a999f5ae6c1af03db92bab9c6d7dc8de,phish-hack,1
771,0xf692c39b488e12ce9f9c926fe047ed77b07a18d3,converter,0
772,0xf6ce1549a57f39238b47569a4787e25e5d695d22,phish-hack,1
773,0xf6f7cac4adef7e448cef8fceb14032e6e55a0dfa,phish-hack,1
774,0xf7355cb5278fc4be2f53ce373f7cd9b543d042a1,phish-hack,1
775,0xf73c3c65bde10bf26c2e1763104e609a41702efe,exchange,0
776,0xf76dea0a7ed40e379cc834cf94a6bdc59ac11044,phish-hack,1
777,0xf77149cac62f1b3df7d8d0cd951f152f28c72bb1,phish-hack,1
778,0xf7793d27a1b76cdf14db7c83e82c772cf7c92910,exchange,0
779,0xf7d58e6720696b8f46dc9270443d8beaeb8d9775,ico,0
780,0xf821fd99bca2111327b6a411c90be49dcf78ce0f,ico,0
781,0xf8366eddae63af9ce1104dfff47bc1e29c98362f,phish-hack,1
782,0xf8b483dba2c3b7176a3da549ad41a48bb3121069,mining,0
783,0xf8d04a720520d0bcbc722b1d21ca194aa22699f2,exchange,0
784,0xf977814e90da44bfa03b6295a0616a897441acec,exchange,0
785,0xfa4b5be3f2f84f56703c42eb22142744e95a2c58,exchange,0
786,0xfa52274dd61e1643d2205169732f29114bc240b3,exchange,0
787,0xfa968bc2e4768d431ffec4ee64307f8152e1c9f1,converter,0
788,0xfb9f7f41319157ac5c5dccae308a63a4337ad5d9,exchange,0
789,0xfba4d50cab44f13102c0e270721e1cbefebd8922,ico,0
790,0xfbb1b73c4f0bda4f67dca266ce6ef42f520fbb98,exchange,0
791,0xfbf2173154f7625713be22e0504404ebfe021eae,exchange,0
792,0xfbf6f29c126382cf15795bb209ee506a174cc709,phish-hack,1
793,0xfcce45b7768df12df0ca94d2765983540d366b3f,converter,0
794,0xfd648cc72f1b4e71cbdda7a0a91fe34d32abd656,exchange,0
795,0xfdb16996831753d5331ff813c29a93c76834a0ad,exchange,0
796,0xfe75413e059eecf6eb2b92f06456276e8596862b,converter,0
797,0xfe95e04a628087fcdd5f278e61f148b47471af4a,ico,0
798,0xfe9e8709d3215310075d67e3ed32a380ccf451c8,exchange,0
799,0xfef5497bc53a69875e02ae5b14eeff668f09a729,gambling,0
800,0xff1b891969773159366ab6310ff63a69ac4acffd,mining,0
801,0xff79b6660b02b4625e4faef219f297cb58c878c6,converter,0
802,0xff8d1014da6382f4c07461fbd5f3bed733b229f1,converter,0
